Numero news;Numero page;Numero;Date;Heure;Titre;Contenu;Agency;URL;textURL;Nbr image;seconds to 2010;days to 2010;dateDT;Title eng;Content eng;textURL eng;Sentiment Vader Title;Sentiment Vader Text;Sentiment Vader TextURL
1;2127;18;19.10.2017;08:57;Marseille : une baleine de 15 mètres piégée dans le Vieux-Port;C'est une drôle de découverte qu'ont faite ce midi les Marseillais. Un cétacé de 15 mètres est entré dans le Vieux-Port, a fait savoir la police nationale, appelée à la rescousse avec les marins-pompiers de Marseille, mercredi midi;Le Point;https://www.boursorama.com/actualite-economique/actualites/marseille-une-baleine-de-15-metres-piegee-dans-le-vieux-port-7dde30e39d158e0428ee23139ffa7cdd;C'est une drôle de découverte qu'ont faite ce midi les Marseillais. Un cétacé de 15 mètres est entré dans le Vieux-Port, a fait savoir la police nationale, appelée à la rescousse avec les marins-pompiers de Marseille, mercredi midi. « Cétacé de 15 m entré dans le vieux port. @PoliceNat13 et @MarinsPompiers mobilisés », a écrit la police sur son compte Twitter officiel. Elle a également précisé que le cétacé était coincé dans une anse du port et que l'objectif des pompiers était de « libérer l'espace pour tourner le cétacé ». Ce qu'ils ont finalement réussi à faire au bout d'une heure, avec l'aide de plongeurs. « Grosse sardine », s'était amusée la police dans ses tweets... Un clin d'?il à une légende bien connue sur le port de Marseille.La légende de la sardine;0;246099420;2848.372917;19/10/2017 08:57;Marseille: a 15 metre whale trapped in the Old Port;This is a strange discovery that the Marseillais made this midday. A cetacean of 15 meters entered the Old Port, announced the national police, called to rescue with the marine firemen of Marseilles, Wednesday noon;"It's a strange discovery that the Marseillais made at noon. A 15-metre cetacean entered the Old Port, the national police said, called to the rescue with the mariners-firemen of Marseille on Wednesday noon. ""The 15-metre cetacean entered the old port. @PoliceNat13 and @MarinsPeumpiers mobilized"", wrote the police on their official Twitter account. She also said that the cetacean was stuck in a cove of the port and that the firefighters' objective was to ""free the space to turn the cetacean"". What they finally managed to do after an hour, with the help of divers. ""Big sardine"", had fun the police in their tweets... A wink of it to a well-known legend on the port of Marseille.The legend of the sardine";-0.5267;0.3612;0.8689
2428;2002;2;23.04.2018;16:49;Le prix du fioul domestique au 20 avril;Les chiffres de la DGEC;IDIX;https://www.boursorama.com/actualite-economique/actualites/le-prix-du-fioul-domestique-au-20-avril-e003d578b5bd7d9855a33d70ecb87960;Les chiffres de la DGEC;1;262198140;3034.700694;23/04/2018 16:49;The price of domestic fuel oil on 20 April;DGEC figures;DGEC figures;0;0;0
4276;1908;1;23.08.2018;12:49;Couches pour bébé : un tiers des marques contiennent des produits toxiques;La chasse aux éléments toxiques dans les produits pour bébés se poursuit. 60 Millions de consommateurs a dévoilé, pour la deuxième année consécutive, les résultats de son étude menée sur un large panel de produits à destination des enfants en bas âge;Le Point;https://www.boursorama.com/actualite-economique/actualites/couches-pour-bebe-un-tiers-des-marques-contiennent-des-produits-toxiques-48ef40897339d9bd69714c65ea9e555a;La chasse aux éléments toxiques dans les produits pour bébés se poursuit. 60 Millions de consommateurs a dévoilé, pour la deuxième année consécutive, les résultats de son étude menée sur un large panel de produits à destination des enfants en bas âge. Et les sources d'inquiétude restent nombreuses, notamment en ce qui concerne les couches-culottes.Un tiers des douze marques de couches analysées contiennent des résidus potentiellement à risque toxique. Outre le très controversé glyphosate, considéré par le CIRC (Centre international de recherche sur le cancer) comme « cancérogène probable », des composés organiques volatils (COV) irritant les muqueuses et le système pulmonaire ont été retrouvés.Des taux faiblesÉlément rassurant, les teneurs de substances toxiques sont très faibles. Mais le risque « ne peut pas être écarté », estime l'association, qui rappelle que les nourrissons « sont également exposés aux glyphosate et composés organiques volatils via d'autres sources. »Autre souci, la transparence des fabricants. « Les fabricants ne font toujours pas figurer la composition complète sur les emballages, pointe l'étude. Cette information figure parfois sur les sites internet des marques. Ce qui est insuffisant. » La plupart des couches sont en fait composées de matières plastiques et de cellulose. Une composition basique introuvable sur les paquets....;0;272724540;3156.534028;23/08/2018 12:49;Baby diapers: one third of brands contain toxic products;The hunt for toxic elements in baby products continues. 60 million consumers announced, for the second year in a row, the results of their study conducted on a wide range of products for young children.;"In addition to the highly controversial glyphosate, considered by the International Center for Cancer Research (ICRC) as ""probable carcinogen"", volatile organic compounds (VOCs) irritating the mucous membranes and the lung system have been found.Low ratesElemently reassuring, the levels of toxic substances are very low. But the risk ""cannot be ruled out"", the association notes, which recalls that infants ""are also exposed to glyphosate and volatile organic compounds via other sources.""Other concern, the transparency of manufacturers.""Manufacturers still do not include the complete composition on packaging, points out the study. This information sometimes appears on the websites of brands. What's lacking in the composition of plastics... Most of the substances are not found in plastic.";0;0;-0.8016
7815;1727;11;10.03.2019;11:10;Ces 40 à 60 députés En marche ! qui « brassent de l'air »;C'est un aveu qui risque de fragiliser la majorité présidentielle à l'Assemblée. La République en marche aurait identifié entre 40 et 60 députés dont l'activité parlementaire et les profils ne correspondraient pas aux standards et aux souhaits du parti, révèle Le Journal du dimanche;Le Point;https://www.boursorama.com/actualite-economique/actualites/ces-40-a-60-deputes-en-marche-qui-brassent-de-l-air-1db8f7db975f1708f1893d9ba0defb93;C'est un aveu qui risque de fragiliser la majorité présidentielle à l'Assemblée. La République en marche aurait identifié entre 40 et 60 députés dont l'activité parlementaire et les profils ne correspondraient pas aux standards et aux souhaits du parti, révèle Le Journal du dimanche.Un ancien membre de la Commission nationale d'investiture (CNI) admet d'emblée à l'hebdomadaire qu'il n'a eu que très peu de temps pour constituer le casting et contacter les futurs candidats. Un casting partiellement raté ? Les différents départs des élus ont fragilisé le parti. Les saillies sur les réseaux sociaux du député des Français de l'étranger Joachim Son-Forget ou encore le coup de sang de M'jid El Guerrab, qui est mis en examen pour « violences volontaires avec arme par destination » sur un membre du Parti socialiste, Boris Faure, ont détérioré l'image du parti.Une charte difficilement respectéeLes différences d'opinions ont aussi eu leur impact sur l'autoproclamée union du groupe LREM à l'Assemblée nationale. Les députés de la majorité ont en effet tous signé une charte explicite avant les législatives de 2017 : « Je certifie sur l'honneur adhérer aux valeurs portées par En marche et m'engage, si je suis désigné(e) candidat(e) aux élections législatives, à soutenir le plan de transformation et à signer le contrat avec la nation. » Un contrat que certains élus ont eu du mal à respecter à cause de divergences d'opinions...;0;289912200;3355.465278;10/03/2019 11:10;These 40 to 60 MPs on the move!;It is a confession that risks weakening the presidential majority in the Assembly. The running Republic would have identified between 40 and 60 deputies whose parliamentary activity and profiles would not correspond to the standards and wishes of the party, says Sunday Journal;"It is a confession that risks weakening the presidential majority in the Assembly. The running Republic would have identified between 40 and 60 MPs whose parliamentary activity and profiles would not correspond to the party's standards and wishes, says Le Journal du dimanche.A former member of the National Investiture Commission (CNI) admits from the outset to the weekly that he had very little time to constitute the casting and to contact the future candidates. A partially missed cast? The various departures of the elected representatives weakened the party. The projections on the social networks of the French deputy of the foreign country Joachim Son-Forget or the blood blow of M'jid El Guerrab, who is under investigation for ""voluntary violence with weapon by destination"" on a member of the Socialist Party, Boris Faure, have damaged the image of the party.A charter hardly respectedThe differences of opinion have also had their impact on the self-proclaimed union of the LREM group in the National Assembly. The deputies of the majority have in effect elected to sign an explicit charter before the legislative contract.(I am appointed to the party's contract.) In order to sign an agreement with the party's contract. (I hereby sign an agreement with the party's.";0;-0.0258;-0.3612
9055;1663;12;17.04.2019;07:34; Les pierres de Notre-Dame vs. la faim dans le monde? ;A la Une la presse française, ce mercredi 17 avril, la mobilisation pour reconstruire la cathédrale Notre-Dame de Paris, endommagée par un violent incendie dans la nuit de lundi à mardi. Un événement qui a amené le président Macron à repousser l'annonce de ses meurs pour répondre à la colère des «gilets jaunes»;France 24;https://www.boursorama.com/videos/actualites/les-pierres-de-notre-dame-vs-la-faim-dans-le-monde-ea796a90eeed255fa27fc72f79fae97a;A la Une la presse française, ce mercredi 17 avril, la mobilisation pour reconstruire la cathédrale Notre-Dame de Paris, endommagée par un violent incendie dans la nuit de lundi à mardi. Un événement qui a amené le président Macron à repousser l'annonce de ses meurs pour répondre à la colère des «gilets jaunes». Et qui nourrit une polémique sur le manque de moyens accordés à d'autres causes, jugées plus urgentes que les «vieilles pierres».;0;293182440;3393.315278;17/04/2019 07:34;The stones of Our Lady vs. hunger in the world?;"On the front page of the French press, this Wednesday, April 17, the mobilization to rebuild Notre-Dame Cathedral in Paris, damaged by a violent fire in the night from Monday to Tuesday. An event that led President Macron to postpone the announcement of his death to respond to the anger of the ""yellow giles""";"On the front page of the French press, this Wednesday, April 17, the mobilization to rebuild Notre-Dame Cathedral in Paris, damaged by a violent fire in the night from Monday to Tuesday. An event that led President Macron to postpone the announcement of his death to respond to the anger of the ""yellow giles"". And which nourishes a controversy on the lack of resources granted to other causes, considered more urgent than the ""old stones"".";-0.25;-0.9565;-0.951
9700;1630;4;01.05.2019;16:59;Jean-Marc Sanchez: Pedro Sanchez est cette fois, président du gouvernement élu ;Jean-Marc Sanchez a participé aux éditions spéciales de France 24 sur les élections espagnole.;France 24;https://www.boursorama.com/videos/actualites/jean-marc-sanchez-pedro-sanchez-est-cette-fois-president-du-gouvernement-elu-3c7bf737d13d51542d9f153b0236c589;;0;294425940;3407.707639;01/05/2019 16:59;Jean-Marc Sanchez: Pedro Sanchez is this time President of the elected government;Jean-Marc Sanchez took part in the special editions of France 24 on the Spanish elections.;Empty.;0;0.4019;0
10195;1604;17;10.05.2019;13:42;Chine: La BPC dit disposer d'une palette monétaire  riche ;PEKIN (Reuters) - La Banque populaire de Chine (BPC) s'est dite vendredi tout à fait apte à faire face aux incertitudes externes dans la mesure où elle dispose d'une  riche  palette d'instruments monétaires et d'une ample marge de manoeuvre.     Des analystes pensent que la banque centrale devra déployer de nouvelles mesures de soutien à l'économie à un moment où les Etats-Unis viennent à nouveau de décider d'augmenter les droits de douane sur des produits chinois importés alors même que les deux pays poursuivent leurs négociations commerciales;Reuters;https://www.boursorama.com/actualite-economique/actualites/chine-la-bpc-dit-disposer-d-une-palette-monetaire-riche-918a43f78591fa019f67c305a71491a2;PEKIN (Reuters) - La Banque populaire de Chine (BPC) s'est dite vendredi tout à fait apte à faire face aux incertitudes externes dans la mesure où elle dispose d'une  riche  palette d'instruments monétaires et d'une ample marge de manoeuvre.Des analystes pensent que la banque centrale devra déployer de nouvelles mesures de soutien à l'économie à un moment où les Etats-Unis viennent à nouveau de décider d'augmenter les droits de douane sur des produits chinois importés alors même que les deux pays poursuivent leurs négociations commerciales. Face aux changements économiques internes et externes, la politique monétaire de notre pays dispose d'une ample marge de manoeuvre et notre palette d'outils monétaires est riche , a déclaré à la presse Sun Guofeng, directeur du département de politique monétaire de la BPC. Nous sommes tout à fait capables de gérer diverses incertitudes internes et externes .Sun Guofeng a ajouté que la BPC ferait en sorte que la liquidité soit raisonnablement ample tout en poursuivant une politique monétaire  prudente , c'est-à-dire ni trop relâchée ni trop restrictive.La banque centrale  fera un meilleur usage  de ses outils structurels, telle sa facilité de prêt à moyen terme (TMLF), afin de mieux aider financièrement les PME, a encore dit Sun Guofeng, sans être plus précis.Des données publiées jeudi par la BPC montrent que les banques ont moins prêté en avril, après un premier trimestre record qui avait fait craindre une augmentation des créances douteuses, ce qui laisse penser qu'elle ajuste sa politique au vu des derniers indicateurs, encourageants, mais aussi des craintes de voir la dette s'envoler.La BPC a annoncé lundi dernier, juste avant l'ouverture des Bourses chinoises et quelques heures après que le président américain Donald Trump a menacé de relever les droits de douane, qu'elle réduirait le coefficient des réserves obligatoires (RO) pour certaines banques petites et moyennes.(Kevin Yai et Yawen Cheng/ Wilfrid Exbrayat pour le service français, édité par Blandine Hénault);1;295191720;3416.570833;10/05/2019 13:42;China: PCB says it has a rich monetary palette;PEKIN (Reuters) - The People's Bank of China (PCB) said on Friday that it is fully able to cope with external uncertainties as it has a rich range of monetary instruments and ample room for manoeuvre. Analysts believe that the central bank will have to deploy new measures to support the economy at a time when the US has just decided to increase tariffs on imported Chinese products while the two countries are continuing their trade negotiations;PEKIN (Reuters) - The People's Bank of China (PCB) has said on Friday that it is quite fit to deal with external uncertainties as it has a rich range of monetary instruments and ample room for manoeuvre. Analysts believe that the central bank will have to deploy new measures to support the economy at a time when the United States has just decided to increase tariffs on imported Chinese products while the two countries are pursuing their trade negotiations. Faced with internal and external economic changes, our country's monetary policy will have a wide margin of manoeuvre and our range of monetary tools is rich, said Sun Guofeng, director of the PCB's Monetary Policy Department. We are quite capable of managing various internal and external uncertainties.Sun Guofeng has added that the PCB would make sure that the bank's liquidity was reasonably broad while pursuing a prudent monetary policy, that is neither too loose nor too restrictive.The central bank will make better use of its structural tools, such as its ease of lending, that it will also allow the banks to get ready for the medium term.;0.5574;0.7351;0.9824
13249;1450;1;30.06.2019;18:10;CAN 2019 : tous derrière les Fennecs d'Algérie !;« One, two, three, viva l'Algérie !? Les supporteurs franco-algériens n'ont pas le temps de retenir leur souffle qu'un but est marqué à la 49e minute grâce à un tir de Mohamed Youcef Belaïli. Euphorie générale;Le Point;https://www.boursorama.com/actualite-economique/actualites/can-2019-tous-derriere-les-fennecs-d-algerie-00e6192943863757f1624fcd999c2c16;« One, two, three, viva l'Algérie !? Les supporteurs franco-algériens n'ont pas le temps de retenir leur souffle qu'un but est marqué à la 49e minute grâce à un tir de Mohamed Youcef Belaïli. Euphorie générale. Au neuvième étage de l'Institut du monde arabe, l'endroit, généralement dédié aux conférences, est pour l'occasion transformé en salle de projection. « ?On est supporteurs depuis notre naissance, c'était important pour nous de porter les couleurs de notre pays? », s'enthousiasment Bilel et Amine, deux amis, drapeau à la main. « ?On a choisi de se réunir dans ce lieu de culture.? »Dans l'enceinte, l'ambiance est tamisée, les stores sont baissés pour permettre aux spectateurs de résister à la chaleur. Malgré la majorité algérienne présente ce soir-là, quelques maillots sénégalais se dessinent. Certains, comme Dion, sont venus se réunir par pur hasard. « ?D'habitude, je regarde les matches chez moi, mais là, c'est ma fille qui m'a invité.? » Même avis pour Amélie, cette jeune supportrice de 20 ans : « ?Même si mes compatriotes ne sont pas venus en masse, l'ambiance est fair-play. On sait que les rencontres contre l'Algérie ou le Maroc promettent une grosse effervescence.? » Côté match, les Lions de la Teranga, habillés en blanc, détiennent à la première mi-temps la majorité de la balle.Un but libérateurÀ la mi-temps, des dattes sont distribuées aux personnes sur place, le nombre de...;0;299614200;3467.756944;30/06/2019 18:10;CAN 2019: all behind the Algerian Fennecs!;"""One, two, three, viva l'Algérie!? Franco-Algérien fans don't have time to hold their breath that a goal is scored at the 49th minute thanks to a shot by Mohamed Youcef Belaïli. General euphoria";"""One, two, three, viva l'Algérie!""? Franco-Algérien supporters don't have time to hold their breath that a goal is marked at the 49th minute thanks to a shot by Mohamed Youcef Belaïli. General euphoria. On the ninth floor of the Institute of the Arab World, the place, usually dedicated to conferences, is for the occasion transformed into a projection room. ""?We have been supporting since our birth, it was important for us to wear the colors of our country?"" Bilel and Amine, two friends, flag in hand. ""?We have chosen to meet in this place of culture.?""In the enclosure, the atmosphere is sifted, the blinds are lowered to allow the spectators to resist the heat. Despite the Algerian majority present that evening, some Senegalese jerseys, like Dion, come together by pure chance. ""I usually look at the matches at me, but there, it's my daughter's a bit of a match that's been set up in the same way.";0;0.8172;0.9408
13837;1420;9;11.07.2019;08:34;Rugy: Guerini propose que la déontologue de l'Assemblée soit saisie;PARIS (Reuters) - Le délégué général de La République en marche (LaRem), Stanislas Guerini, a estimé jeudi que la déontologue de l'Assemblée nationale devait être saisie pour lever les soupçons pesant sur François de Rugy depuis des révélations sur son train de vie.     La polémique est née d'un article de Mediapart, publié mercredi, décrivant la  vie de château  qu'aurait menée l'ex-président de l'Assemblée, hôte d'une dizaine de dîners fastueux organisés en 2017 et 2018 avec les moyens mis à sa disposition dans le cadre de ses fonctions d'alors;Reuters;https://www.boursorama.com/actualite-economique/actualites/rugy-guerini-propose-que-la-deontologue-de-l-assemblee-soit-saisie-800f518bae7ccb673b32e91efdfab8b9;PARIS (Reuters) - Le délégué général de La République en marche (LaRem), Stanislas Guerini, a estimé jeudi que la déontologue de l'Assemblée nationale devait être saisie pour lever les soupçons pesant sur François de Rugy depuis des révélations sur son train de vie.La polémique est née d'un article de Mediapart, publié mercredi, décrivant la  vie de château  qu'aurait menée l'ex-président de l'Assemblée, hôte d'une dizaine de dîners fastueux organisés en 2017 et 2018 avec les moyens mis à sa disposition dans le cadre de ses fonctions d'alors.Selon le site d'investigation, les convives de ces réceptions, durant lesquelles le personnel de l'Assemblée était mis à contribution, étaient  essentiellement des amis  de l'actuel ministre de la Transition écologique et de son épouse.Mercredi, François de Rugy s'est défendu de tout mélange des genres en affirmant qu'il s'agissait de  dîners de travail informels  lui permettant d'entretenir le lien avec des représentants de la société civile. On voit des images de homards, etc. , je comprends que ça puisse questionner , a déclaré Stanislas Guerini sur France 2, tout en jugeant  légitime , pour un président de l'Assemblée, de recevoir des personnalités de la société civile. Il s'est justifié sur le fait que ce n'est pas des dîners privés et donc il y a une déontologue à l'Assemblée nationale, à elle de regarder les choses et de juger , a ajouté le numéro un du parti présidentiel. Dès lors qu'il y a une polémique et on voit bien qu'il y a une polémique, je crois qu'il faut de la transparence et la bonne manière de faire, c'est avec la déontologue de l'Assemblée nationale , a encore dit le député de Paris.François de Rugy a fait savoir mercredi qu'il se mettait  à la disposition  de la déontologue, une fonction créée en 2011 pour améliorer la transparence de la chambre basse.(Simon Carraud);1;300530040;3478.356944;11/07/2019 08:34;Rugy: Guerini proposes that the deontologist of the Assembly be seized;PARIS (Reuters) - The delegate general of La République en marche (LaRem), Stanislas Guerini, said on Thursday that the deontologist of the National Assembly had to be seized in order to remove the suspicions on François de Rugy since revelations on his life course. The polemic arose from an article by Mediapart, published on Wednesday, describing the castle life that the former president of the Assembly would have led, host of about ten luxurious dinners organized in 2017 and 2018 with the means put at his disposal in the framework of his then functions;Paris (Reuters) - The deputy general of La République en marche (LaRem), Stanislas Guerini, considered on Thursday that the deontologist of the National Assembly had to be seized to remove the suspicions weighing on François de Rugy since revelations on his life course.The polemic arose from an article of Mediapart, published on Wednesday, describing the life of castle that the former president of the Assembly, host of a dozen grastuous dinners organized in 2017 and 2018 with the means put at his disposal in the framework of his functions at that time.According to the site of investigation, the guests of these receptions, during which the staff of the Assembly was engaged, were essentially friends of the current minister of the ecological transition and his wife.Mercredi, François de Rugy defended himself from any mix of the genres by saying that they were informal working dinners allowing him to maintain the connection with representatives of the civil society. We see pictures of lobsters, etc. despect the number of the party, I also understand that the party of the party, the party, the party, the party, the party, the party, has declared, the party, the party, the party, the party, the party, the party, the party, the party, the party, the party, the party, the party, the party, the party, the party, the party, the party, the party, the party, the party, the party, the party, the, the, the, the, the, the, the party, the party, the party, the party, the party, the, the party, the, the party, the, the, the party, the, the, the, the, the, the, the, the party, the, the, the, party, party, the, party, the, the, the party, the, the, the, the, the, the, the, party, party,, the,,, the, the, the, the, the, the, party, the, the, the, the, the, the, the, the, the, the, the, the, the, the, the, party, the, the, the, the, the, the, the, the, the, the, the, the, the, the, the, the, the, the, the, the, the, the,;0;-0.3612;0.9989
14764;1373;7;01.08.2019;13:52;Ebola en RDC : Les autorités congolaises déplorent la fermeture des frontières rwandaises;Le Rwanda a fermé jeudi 1er août sa frontière avec la RDC au lendemain de la mort à Goma d'un deuxième victime de l'épidémie d'Ebola et la découverte d'un troisième cas dans ce grand carrefour commercial situé à la frontière avec le Rwanda, a annoncé la présidence congolaise.;France 24;https://www.boursorama.com/videos/actualites/ebola-en-rdc-les-autorites-congolaises-deplorent-la-fermeture-des-frontieres-rwandaises-ed7142b7d466e45f538220723fa1944e;;0;302363520;3499.577778;01/08/2019 13:52;Ebola in DRC: Congolese authorities deplore closure of Rwandan borders;Rwanda closed its border with the Democratic Republic of the Congo on Thursday, 1 August, following the death in Goma of a second victim of the Ebola epidemic and the discovery of a third case at this major commercial crossroads on the border with Rwanda, the Congolese presidency announced.;Empty.;0;-0.7184;0
17560;1229;1;30.09.2019;10:17;Journée de deuil national en France en hommage à Chirac;PARIS (Reuters) - Honneurs militaires, minute de silence et service solennel à l'église Saint-Sulpice à Paris : la France rend un dernier hommage ce lundi à Jacques Chirac, figure de la vie politique française décédée jeudi dernier, en présence de quelque 80 personnalités étrangères, dont le président russe Vladimir Poutine et l'ex-président américain Bill Clinton.     Après un week-end marqué par un flot continu d'anonymes venus signer des livres d'or en hommage à l'ancien président à l'Elysée, une cérémonie familiale privée s'est tenue dans la cour des Invalides en début de matinée;Reuters;https://www.boursorama.com/actualite-economique/actualites/journee-de-deuil-national-en-france-en-hommage-a-chirac-66c30ea5281baabe84486453d01f7751;PARIS (Reuters) - Honneurs militaires, minute de silence et service solennel à l'église Saint-Sulpice à Paris : la France rend un dernier hommage ce lundi à Jacques Chirac, figure de la vie politique française décédée jeudi dernier, en présence de quelque 80 personnalités étrangères, dont le président russe Vladimir Poutine et l'ex-président américain Bill Clinton.Après un week-end marqué par un flot continu d'anonymes venus signer des livres d'or en hommage à l'ancien président à l'Elysée, une cérémonie familiale privée s'est tenue dans la cour des Invalides en début de matinée.A 10h45, Emmanuel Macron rendra des honneurs funèbres militaires avant de présider un  service solennel  à 12h à l'église Saint-Sulpice en présence de la famille et des chefs d'Etat et de gouvernement étrangers ayant fait le déplacement pour rendre hommage à Jacques Chirac, décédé à l'âge de 86 ans.Parmi eux, les présidents Vladimir Poutine (Russie), Sergio Mattarella (Italie), Denis Sassou-Nguesso (Congo) Salomé Zourabichvili (Géorgie), les Premiers ministres Saad Hariri (Liban), Viktor Orban (Hongrie), le roi de Jordanie Abdallah II, et l'émir du Qatar Tamim Ben Hamad Al Thani.L'Europe sera pour sa part représentée par le président de la Commission européenne sortante, Jean-Claude Juncker.Sont également attendus les anciens présidents américain Bill Clinton et afghan Hamid Karzaï, l'ancien chancelier allemand Gerhard Schröder, l'ancien président du gouvernement espagnol José Luis Rodriguez Zapatero et l'ancien président sénégalais Abdou Diouf. Souffrant, le roi du Maroc Mohammed VI sera quant à lui représenté par son héritier, le prince Moulay el Hassan.Ces quelque 80 personnalités étrangères se retrouveront ensuite pour un déjeuner à l'Elysée autour du chef de l'Etat français. A ce stade, aucun entretien bilatéral - notamment entre Emmanuel Macron et Vladimir Poutine - n'a été annoncé.Parmi les personnalités politiques françaises, les anciens présidents François Hollande, Nicolas Sarkozy et Valéry Giscard d'Estaing sont attendus à Saint-Sulpice. La présidente du Rassemblement national, Marine Le Pen, a elle annoncé dimanche qu'elle renonçait à s'y rendre après les réserves exprimées par la famille de l'ancien président sur sa présence.Dans l'après-midi, Jacques Chirac, qui fut locataire de l'Elysée pendant douze ans (1995-2007), deux fois Premier ministre et maire de Paris, sera inhumé au cimetière du Montparnasse aux côtés de sa fille Laurence, décédée en 2016.Une minute de silence sera par ailleurs observée à 15h00 dans toutes les administrations et écoles de France.(Marine Pennetier, édité par Myriam Rivet);1;307534620;3559.428472;30/09/2019 10:17;National Day of Mourning in France in Tribute to Chirac;PARIS (Reuters) - Military honours, minute of silence and solemn service at Saint-Sulpice Church in Paris: France pays a last tribute this Monday to Jacques Chirac, figure of French political life who died last Thursday, in the presence of some 80 foreign personalities, including Russian President Vladimir Putin and former US President Bill Clinton. After a weekend marked by a continuous flood of anonymities who came to sign gold books in tribute to the former President at the Elysée, a private family ceremony was held in the Cour des Invalides in the early morning.;Paris (Reuters) - Military honours, minute of silence and solennel service at Saint-Sulpice church in Paris: France pays a last tribute this Monday to Jacques Chirac, figure of French political life died last Thursday, in the presence of some 80 foreign personalities, including Russian President Vladimir Putin and former US President Bill Clinton.After a weekend marked by a continuous flood of anonymities coming to sign gold books in tribute to the former President at the Elysée, a private family ceremony took place in the court of the Invalides early in the morning.At 10:45, Emmanuel Macron will make military funeral honours before presiding a solemn service at 12 o'clock at the church Saint-Sulpice in the presence of the family and of the heads of state and government foreign leaders having made the move to pay homage to Jacques Chirac, deceased at the age of 86.Among them, the presidents Vladimir Putin (Russia), Sergio Mattarella (Italy), Denis Sasou-Nguesso (Congo)'s party Salome Zourabík, Congo's party, will be the president of Congo's.;-0.4404;-0.1779;0.6124
17771;1218;4;03.10.2019;12:01;Zone euro: Les prix à la production baissent plus qu'attendu;BRUXELLES/FRANCFORT (Reuters) - Les prix à la production dans la zone euro ont baissé plus qu'attendu en août en raison d'une chute de ceux de l'énergie, montrent les statistiques publiées jeudi par Eurostat, qui confirment la tendance à la baisse des pressions inflationnistes.     L'indice des prix à la production a reculé de 0,5% par rapport à juillet et de 0,8% par rapport à août 2018;Reuters;https://www.boursorama.com/actualite-economique/actualites/zone-euro-les-prix-a-la-production-baissent-plus-qu-attendu-95e7fb64161b35bbf124498f125c1eac;BRUXELLES/FRANCFORT (Reuters) - Les prix à la production dans la zone euro ont baissé plus qu'attendu en août en raison d'une chute de ceux de l'énergie, montrent les statistiques publiées jeudi par Eurostat, qui confirment la tendance à la baisse des pressions inflationnistes.L'indice des prix à la production a reculé de 0,5% par rapport à juillet et de 0,8% par rapport à août 2018.Les économistes interrogés par Reuters prévoyaient en moyenne une baisse de 0,3% seulement sur un mois et de 0,5% sur un an.Les prix de l'énergie affichent une baisse de 1,9% d'un mois sur l'autre et de 4,9% sur un an.Hors énergie, les prix à la production restent stables par rapport à juillet et augmentent de 0,5% en rythme annuel.(Service économique);1;307800060;3562.500694;03/10/2019 12:01;Eurozone: Producer prices fall more than expected;BRUSSELS/FRANCFORT (Reuters) - Output prices in the euro area fell more than expected in August due to a fall in energy prices, show statistics published by Eurostat on Thursday, which confirm the downward trend in inflationary pressures. The producer price index fell by 0.5% compared to July and by 0.8% compared to August 2018;BRUSSELS/FRANCFORT (Reuters) - Output prices in the euro area fell more than expected in August due to a fall in energy prices, show statistics published on Thursday by Eurostat, which confirm the downward trend in inflationary pressures.The producer price index fell by 0.5% compared to July and by 0.8% compared to August 2018.The economists interviewed by Reuters forecast an average decrease of 0.3% only over one month and 0.5% over one year.Energy prices show a decrease of 1.9% month on month and 4.9% over one year.Outside energy, producer prices remain stable compared to July and increase by 0.5% at annual rate.(Economic Service);0;-0.0516;0.7717
20831;1063;11;13.12.2019;19:58;« C'est pas Versailles ! » : le maire de la ville fulmine contre le spot de Total;Si vous regardez régulièrement la télévision, vous n'êtes sans doute pas passé à côté. Une publicité pour Total Direct Énergie, qui met en scène un père et son fils dans des situations où la lumière reste allumée dans leur maison, passe régulièrement sur plusieurs chaînes;Le Point;https://www.boursorama.com/actualite-economique/actualites/c-est-pas-versailles-le-maire-de-la-ville-fulmine-contre-le-spot-de-total-6200f464b09b326de0dc1688a71676de;Si vous regardez régulièrement la télévision, vous n'êtes sans doute pas passé à côté. Une publicité pour Total Direct Énergie, qui met en scène un père et son fils dans des situations où la lumière reste allumée dans leur maison, passe régulièrement sur plusieurs chaînes. Le père de famille s'exclame à plusieurs reprises « C'est pas Versailles ici ! », avant d'éteindre consciencieusement chaque lampe et de rappeler à l'ordre sa progéniture.Lire aussi Et Versailles fut !Sur les quarante-cinq secondes que dure le spot, la fameuse phrase est répétée à sept reprises. Sept de trop, pour le maire divers droite de la ville des Yvelines François de Mazières, explique Le Parisien. Le 16 novembre dernier, l'édile s'est insurgé à propos de la polémique autour de l'huile de palme à l'Assemblée nationale. Les députés de la majorité avaient en effet fait annuler un amendement sur le sujet, contre l'avis du gouvernement, avant que l'Assemblée nationale ne rétropédale. « On n'est pas à Versailles, quand on fait voter subrepticement un amendement contre l'#environnement. On l'est encore moins quand on utilise le nom @Versailles dans des publicités sans en demander l'autorisation », a posté François de Mazières. Cette cacophonie aurait été orchestrée par Total, d'après plusieurs élus écologistes. Le maire de Versailles en a profité pour critiquer le spot qui tourne en boucle sur les chaînes de télévision.Une lettre au...;0;313963080;3633.831944;13/12/2019 19:58;"""It's not Versailles!"": the mayor of the city fulmins against the spot of Total";If you watch television regularly, you may not have missed it. An advertisement for Total Direct Energy, which features a father and son in situations where the light remains on in their home, regularly passes on several channels;"If you regularly watch television, you are probably not missed. An advertisement for Total Direct Energy, which staged a father and his son in situations where the light remains lit in their house, regularly passes on several channels. The father of the family exclaims several times ""It's not Versailles here!"", before conscientiously extinguishing each lamp and reminding to order his progeny. Also read And Versailles was!On the forty-five seconds that the spot lasts, the famous sentence is repeated seven times. Seven too, for the various right-wing mayor of the city of the Yvelines François de Mazières, explains Le Parisien. On 16 November last, the editor insurgented himself about the controversy around palm oil at the National Assembly. The deputies of the majority had in fact cancelled an amendment on the subject, against the opinion of the government, before the National Assembly did retropedal. ""We are not in Versailles, when we had the vote subreptitiously voted about the controversy around the oil of palms to the National Assembly. The presidents of the majority had indeed cancelled an amendment on the subject, against the government's opinion, before the National Assembly. ""We are not in fact that we are in fact that we are in fact that we are in fact that we are in fact that we are in fact that we are in fact that we are in fact that we are not in fact that we are in fact that we are in fact that we are in fact that we are in fact that we are in fact that we are in fact that we are in fact that we are in fact that we are in fact that we are in fact that we are in fact that we are in fact that we are not in fact that we are in fact that we are not in fact that we are in fact that we have that we are in fact that we are in fact that we are in fact that we are in fact that we are in fact that we are not in fact that we are in that we are not in that we are in fact that we are in that we are not in fact that we are not in fact that we are not in fact that we are in fact that we are not in fact that we are in fact that we are in fact that we are in that we are not in fact that we are not in that we are not in fact that we are in that we are not in fact that we are not in fact that we are in that we";0;0.5051;0.2847
22981;955;4;06.02.2020;17:28;Beto O'Rourke : « Trump a tenté de détruire l'idée même de l'Amérique »;Lors du passage de Michael Bloomberg à El Paso, au Texas, Beto O'Rourke, 47 ans, a largement battu le candidat démocrate à l'applaudimètre. « C'est dur, de faire mieux qu'une rockstar locale », a souri l'aspirant à la présidence;Le Point;https://www.boursorama.com/actualite-economique/actualites/beto-o-rourke-trump-a-tente-de-detruire-l-idee-meme-de-l-amerique-8f51b48aa45e6b92bdea69929db7f0c6;Lors du passage de Michael Bloomberg à El Paso, au Texas, Beto O'Rourke, 47 ans, a largement battu le candidat démocrate à l'applaudimètre. « C'est dur, de faire mieux qu'une rockstar locale », a souri l'aspirant à la présidence. Beto O'Rourke est né ici, où il est connu pour son bref passé de bassiste dans un groupe de rock punk, puis son investissement dans la politique locale : le conseil municipal et la Chambre des représentants, où il a fait trois mandats. En 2018, il a échoué face au républicain Ted Cruz au Sénat. Il s'est ensuite lancé dans la campagne présidentielle de 2020, mais a abandonné en novembre 2019. Bilingue en espagnol, c'est un passionné d'Histoire, notamment de la frontière. De sa terrasse, on aperçoit les maisons basses de Ciudad Juarez, s?ur jumelle mexicaine d'El Paso, de l'autre côté du Rio Grande et du mur construit par George W. Bush. La maison de « Beto », comme on l'appelle ici, est un monument historique d'El Paso. En 1915, le révolutionnaire mexicain Pancho Villa y rencontra le général nord-américain Hugh Scott pour tenter de mettre fin aux violences de la guerre civile mexicaine, qui débordait sur la frontière. Entretien.Le Point : En quelle mesure la politique de Trump a-t-elle affecté la vie à la frontière ?Beto O'Rourke : Il y a un niveau d'inhumanité inédit à notre époque. Il existe des analogies historiques d'il y a cent ans, mais de mon vivant, on n'avait jamais vu d'enfants enfermés...;0;318706080;3688.727778;06/02/2020 17:28;"Beto O'Rourke: ""Trump tried to destroy the very idea of America""";"As Michael Bloomberg moved to El Paso, Texas, 47-year-old Beto O'Rourke beat the Democratic candidate to the applaudimeter. ""It's hard to do better than a local rockstar,"" he smiled aspirant to the presidency.";"During the passage of Michael Bloomberg to El Paso, Texas, Beto O'Rourke, 47, largely beat the Democratic candidate to the applaudimeter. ""It's hard, to do better than a local rockstar,"" smiled aspirant to the presidency. Beto O'Rourke was born here, where he is known for his short past as a bassist in a punk rock band, then his investment in local politics: the city council and the House of Representatives, where he made three mandates. In 2018, he failed against the republican Ted Cruz in the Senate. He then launched in the presidential campaign of 2020, but abandoned in November 2019. Bilingual in Spanish, he is a passionate about history, especially of the border. From his terrace, we see the low houses of Ciudad Juarez, sur twin Mexican of El Paso, on the other side of the Rio Grande and of the wall built by George W. Bush. The house of ""Beto"", as we see it's not the same time as the Congo-wide border.";-0.5423;0.7184;0.0129
27942;704;13;20.05.2020;16:04;Avec la crise du Covid, les usines Renault se préparent à un plan de restructuration;Le constructeur automobile français envisagerait de fermer quatre sites en France - Flins, Dieppe, Choisy-le-Roi et les Fonderies de Bretagne - dans le cadre d'un plan de 2 milliards d'économies qui doit être dévoilé le 29 mai.;France 24;https://www.boursorama.com/videos/actualites/avec-la-crise-du-covid-les-usines-renault-se-preparent-a-un-plan-de-restructuration-7ade16fc0bf99dfb877a672f26e0473c;;0;327686640;3792.669444;20/05/2020 16:04;With the Covid crisis, Renault plants are preparing for a restructuring plan;The French car manufacturer would consider closing four sites in France - Flins, Dieppe, Choisy-le-Roi and the Fonderies de Bretagne - as part of a plan of 2 billion savings to be unveiled on 29 May.;Empty.;-0.6249;0;0
29475;627;10;26.06.2020;12:26;Féfé & Leeroy, les Blues Brothers du rap;Rendez-vous avec les Blues Brothers du rap game, Féfé et Leeroy (ex-Saïan Supa Crew), tous deux réunis exceptionnellement pour un projet commun :  365 jours  ! Retour sur leurs vingt ans de carrière, de leur tournée américaine aux côtés de Laureen Hill et Nas, jusqu'à la conception de leur nouvel album. En bonus, l'intervention surprise de Koba LaD !;France 24;https://www.boursorama.com/videos/actualites/fefe-leeroy-les-blues-brothers-du-rap-01edf47a20090a4360d6c1b4095fa960;Rendez-vous avec les Blues Brothers du rap game, Féfé et Leeroy (ex-Saïan Supa Crew), tous deux réunis exceptionnellement pour un projet commun :  365 jours  ! Retour sur leurs vingt ans de carrière, de leur tournée américaine aux côtés de Laureen Hill et Nas, jusqu'à la conception de leur nouvel album. En bonus, l'intervention surprise de Koba LaD !;0;330870360;3829.518056;26/06/2020 12:26;Féfé & Leeroy, the Blues Brothers of Rap;Rendez-vous avec les Blues Brothers du rap game, Féfé and Leeroy (ex-Saïan Supa Crew), both exceptionally reunited for a joint project: 365 days! Back on their twenty years of career, from their American tour alongside Laureen Hill and Nas, to the design of their new album. As a bonus, Koba LaD's surprise intervention!;Rendez-vous avec les Blues Brothers du rap game, Féfé and Leeroy (ex-Saïan Supa Crew), both exceptionally reunited for a joint project: 365 days! Back on their twenty years of career, from their American tour alongside Laureen Hill and Nas, to the design of their new album. As a bonus, Koba LaD's surprise intervention!;0;0.7339;0.7339
31826;508;1;14.09.2020;18:25;Valéry Giscard d'Estaing hospitalisé à Paris en réanimation;L'état de santé de Valéry Giscard d'Estaing inquiète. L'ex-président de la République a été hospitalisé, lundi 14 septembre après-midi, à l'hôpital Georges-Pompidou, dans le 15e arrondissement de Paris, rapporte Le Parisien;Le Point;https://www.boursorama.com/actualite-economique/actualites/valery-giscard-d-estaing-hospitalise-a-paris-en-reanimation-a7ed6d2c836079ea7156888be01bfc39;Dans l'après-midi, lundi, son fils, Louis Giscard d'Estaing, affirmait avoir échangé avec lui dimanche soir. Il ne présentait alors pas de problème notable. « C'est un homme de son âge », a poursuivi le fils de VGE.;0;337803900;3909.767361;14/09/2020 18:25;Valéry Giscard d'Estaing hospitalized in Paris in resuscitation;The state of health of Valéry Giscard d'Estaing is concerned. The former President of the Republic was hospitalized on Monday 14 September at the Georges Pompidou Hospital in the 15th arrondissement of Paris, reports Le Parisien;"In the afternoon, on Monday, his son, Louis Giscard d'Estaing, claimed to have exchanged with him on Sunday night. He did not present any significant problems. ""He is a man of his age,"" continued VGE's son.";0;0;-0.5093
32532;471;17;02.10.2020;20:19;Paolo Gentiloni :  Pour le pacte de stabilité, on ne peut plus revenir aux règles d'avant ;À l'issue d'un Conseil européen extraordinaire portant sur les relations internationales et la crise économique, nous recevons Paolo Gentiloni, commissaire européen à l'Économie et aux Finances.;France 24;https://www.boursorama.com/videos/actualites/paolo-gentiloni-pour-le-pacte-de-stabilite-on-ne-peut-plus-revenir-aux-regles-d-avant-a3cfd22dc07c1978c202d3ee04768187;À l'issue d'un Conseil européen extraordinaire portant sur les relations internationales et la crise économique, nous recevons Paolo Gentiloni, commissaire européen à l'Économie et aux Finances.;0;339365940;3927.846528;02/10/2020 20:19;Paolo Gentiloni: For the Stability Pact, we can no longer go back to the rules before;Following an extraordinary European Council on international relations and the economic crisis, we welcome Paolo Gentiloni, European Commissioner for Economy and Finance.;Following an extraordinary European Council on international relations and the economic crisis, we welcome Paolo Gentiloni, European Commissioner for Economy and Finance.;-0.296;-0.2732;-0.2732
33546;420;8;31.10.2020;18:22;France: Un prêtre orthodoxe blessé par balle à Lyon, un suspect en fuite;PARIS (Reuters) - Un prêtre orthodoxe a été blessé par balle à Lyon (Rhône) samedi devant son église et son agresseur présumé est en fuite, a-t-on appris de source policière.     Le prêtre était en train de fermer les portes de l'église vers 16h00 (15h00 GMT) lorsqu'il a été visé par deux coups de feu, a-t-on précisé de même source, ajoutant qu'il était soigné sur place et que son pronostic vital était engagé;Reuters;https://www.boursorama.com/actualite-economique/actualites/france-un-pretre-orthodoxe-blesse-par-balle-a-lyon-un-suspect-en-fuite-c02af9726ed731c9c30254c5f1c6f4ee;PARIS (Reuters) - Un prêtre orthodoxe a été blessé par balle à Lyon (Rhône) samedi devant son église et son agresseur présumé est en fuite, a-t-on appris de source policière.Le prêtre était en train de fermer les portes de l'église vers 16h00 (15h00 GMT) lorsqu'il a été visé par deux coups de feu, a-t-on précisé de même source, ajoutant qu'il était soigné sur place et que son pronostic vital était engagé.La victime, de nationalité grecque, a déclaré aux secours qu'il ne connaissait pas son agresseur, a-t-on également précisé.Le ministère de l'Intérieur a fait état d'une intervention des forces de sécurité dans le 7ème arrondissement de Lyon, en appelant la population à éviter le secteur Jean-Macé, où un périmètre de sécurité a été installé.Le ministère de l'Intérieur a activé une cellule de crise, a annoncé le Premier ministre, Jean Castex, en déplacement samedi à Saint-Etienne-du-Rouvray (Seine Maritime), où un prêtre catholique avait été assassiné dans son église en 2016.Il a affirmé  l'entière détermination du gouvernement et de la République pour permettre à tous et à chacun de pratiquer son culte en toute sécurité et en toute liberté .L'attaque de Lyon intervient deux jours après qu'un Tunisien de 20 ans a tué trois personnes dans la basilique Notre-Dame de l'Assomption de Nice, et deux semaines après l'assassinat, à Conflans-Sainte-Honorine (Yvelines) par un Russe d'origine tchétchène de 18 ans d'un professeur d'histoire-géographie qui avait fait quelques jours avant un cours sur la liberté d'expression lors duquel il avait montré une caricature de Mahomet.Le gouvernement a relevé jeudi, après l'attaque de Nice, le niveau d'alerte du dispositif Vigipirate au niveau  urgence attentat  dans toute la France et annoncé le renforcement de la protection des lieux de culte. Les effectifs du dispositif Sentinelle doivent notamment être portés de 3.000 à 7.000 hommes.(Catherine Lagrange, Sarah White et Marc Angrand);0;341864520;3956.765278;31/10/2020 18:22;France: Orthodox priest shot in Lyon, fugitive suspect;PARIS (Reuters) - An Orthodox priest was shot and wounded in Lyon (Rhône) on Saturday in front of his church and his alleged attacker is on the run, it was learned from a police source. The priest was closing the doors of the church around 16:00 (15:00 GMT) when he was shot twice, it was said from the same source, adding that he was being treated on the spot and that his vital prognosis was engaged.;Paris (Reuters) - An orthodox priest was shot at in Lyon (Rhône) on Saturday in front of his church and his alleged attacker is on the run, it was learned from a police source.The priest was closing the doors of the church at about 4:00 pm (3:00 pm GMT) when he was targeted by two shots, it was said from the same source, adding that he was being treated on the spot and that his vital prognosis was engaged.The victim, of Greek nationality, declared to the rescue that he did not know his attacker, it was also specified.The Ministry of the Interior reported an intervention of the security forces in the 7th arrondissement of Lyon, calling the population to avoid the area of Jean-Macé, where a perimeter of security was installed.The ministry of the interior has activated a cell of crisis, announced the Prime Minister, Jean Castex, on the move Saturday in Saint-Etienne-du-Rouvay (Seine Maritime), where a priest had been murdered in his area of freedom two weeks ago, he declared a character of the two weeks ago, a character of the fact of the fact of the fact of the fact of the fact of the fact of the fact of the fact of the fact of the fact of the fact of the fact of the fact of the fact of the fact of the fact of the fact of the fact of the fact of the fact of the fact of the fact of the fact of the fact of the fact of the fact of the fact of the fact of the fact of the fact of the fact of the fact of the fact of the fact of the fact of the fact of the fact of the fact of the fact of the fact of the fact of the fact of the fact of the fact of the fact of the fact of the fact of the fact of the fact of the fact of the fact of the fact of the fact of the fact of the fact of the fact of the fact of the fact of the fact of the fact of the fact of the fact of the fact of the fact of the fact of the fact of the fact of the fact of the fact of the fact of the fact of the fact of the fact of the fact of the fact of the fact of the fact of the fact of the fact of the fact of the fact of the fact of the fact of the fact of the fact of the fact of the fact of the fact of the fact of the fact of the;-0.296;0.0516;-0.0005
34894;352;3;01.12.2020;19:49;Sophie Cluzel :  Le handicap est plus que jamais l'une des priorités du quinquennat ;Le handicap était l'une des grandes priorités du quinquennat d'Emmanuel Macron. Y a-t-il eu des avancées depuis son arrivée au pouvoir en 2017 ? Avec la crise sanitaire, le handicap est-il toujours une priorité ? Sophie Cluzel, secrétaire d'État en charge des personnes handicapées est l'invitée de Roselyne Febvre et Frédéric Rivière dans  mardi politique ;France 24;https://www.boursorama.com/videos/actualites/sophie-cluzel-le-handicap-est-plus-que-jamais-l-une-des-priorites-du-quinquennat-8f0c9b0047f53e9dbc145bd801c4effd;Le handicap était l'une des grandes priorités du quinquennat d'Emmanuel Macron. Y a-t-il eu des avancées depuis son arrivée au pouvoir en 2017 ? Avec la crise sanitaire, le handicap est-il toujours une priorité ? Sophie Cluzel, secrétaire d'État en charge des personnes handicapées est l'invitée de Roselyne Febvre et Frédéric Rivière dans  mardi politique .;0;344548140;3987.825694;01/12/2020 19:49;Sophie Cluzel: Disability is more than ever one of the quinquennium's priorities;Disability was one of the top priorities of Emmanuel Macron's quinquennium. Has there been any progress since he came to power in 2017? With the health crisis, is disability still a priority? Sophie Cluzel, Secretary of State for Disabled People is the guest of Roselyne Febvre and Frédéric Rivière in Tuesday's politics;Disability was one of the top priorities of Emmanuel Macron's quinquennium. Has there been any progress since he came to power in 2017? With the health crisis, is disability still a priority? Sophie Cluzel, Secretary of State for Disabled People is the guest of Roselyne Febvre and Frédéric Rivière in Tuesday's politics.;0;-0.2168;-0.2168
36071;293;3;02.01.2021;18:32;En Italie, 364 décès liés au COVID-19 enregistrés le jour de l'An;ROME (Reuters) - Le ministère italien de la Santé a signalé samedi 364 décès liés au coronavirus, alors que le nombre quotidien de nouvelles contaminations a chuté à 11.831 contre 22;Reuters;https://www.boursorama.com/actualite-economique/actualites/en-italie-364-deces-lies-au-covid-19-enregistres-le-jour-de-l-an-308c2a86c265bc46b61dbd9b2901fe85;ROME (Reuters) - Le ministère italien de la Santé a signalé samedi 364 décès liés au coronavirus, alors que le nombre quotidien de nouvelles contaminations a chuté à 11.831 contre 22.211 la veille, le nombre de tests effectués ayant chuté le jour de l'An.Le nombre actuel de patients en soins intensifs s'élève à 2.569, soit 16 de plus que la veille.L'Italie a enregistré 74.985 décès depuis le début de l'épidémie apparue le 21 février dans le pays, qui déplore le bilan le plus élevé d'Europe et le cinquième au monde.Le nombre de personnes contaminées s'élève à 2,141 millions, selon le ministère de la Santé.(Crispian Balmer, version française Elizabeth Pineau);0;347308320;4019.772222;02/01/2021 18:32;In Italy, 364 VOCID-19-related deaths recorded on New Year's Day;ROME (Reuters) - On Saturday, the Italian Ministry of Health reported 364 deaths due to coronavirus, while the daily number of new infections dropped to 11,831 compared to 22;ROME (Reuters) - The Italian Ministry of Health reported on Saturday 364 deaths related to coronavirus, while the daily number of new infections dropped to 11,831 compared to 22,211 the previous day, with the number of tests performed falling on New Year's Day.The current number of patients in intensive care is 2,569, 16 more than the previous day.Italy has recorded 74,985 deaths since the beginning of the epidemic which appeared on 21 February in the country, which deplores the highest level of Europe and the fifth in the world.The number of infected persons amounts to 2,141 million, according to the Ministry of Health.(Crispian Balmer, French version Elizabeth Pineau);0;0.0772;0.1531
39131;136;6;28.02.2021;16:01;Les mesures du gouvernement loin de l'objectif de la Convention climat, selon ses membres;Les mesures du gouvernement inspirées par les travaux de la Convention citoyenne pour le climat (CCC) ne permettront pas d'atteindre l'objectif de réduction des émissions de gaz à effet de serre, ont jugé dimanche les citoyens réunis pour leur dernière session.     Il leur était demandé d'évaluer, sur une échelle de zéro à dix, si les décisions gouvernementales allaient permettre de  s'approcher de l'objectif de diminuer d'au moins 40% les émissions de gaz à effet de serre d'ici 2030, dans un esprit de justice sociale ;AFP;https://www.boursorama.com/actualite-economique/actualites/les-mesures-du-gouvernement-loin-de-l-objectif-de-la-convention-climat-selon-ses-membres-b7820600b4fdf34322d12204592b11a0;Les mesures du gouvernement inspirées par les travaux de la Convention citoyenne pour le climat (CCC) ne permettront pas d'atteindre l'objectif de réduction des émissions de gaz à effet de serre, ont jugé dimanche les citoyens réunis pour leur dernière session.Il leur était demandé d'évaluer, sur une échelle de zéro à dix, si les décisions gouvernementales allaient permettre de  s'approcher de l'objectif de diminuer d'au moins 40% les émissions de gaz à effet de serre d'ici 2030, dans un esprit de justice sociale . La majorité des citoyens présents a jugé le résultat  insatisfaisant , avec une note moyenne de 2,5 sur 10.De même, ils ont noté durement, avec une moyenne de 3,3/10, la prise en compte par le gouvernement de leurs propositions, élaborées à 150 pendant près de 18 mois de travail.Ils jugent en revanche que leur Convention a été plutôt utile à la lutte contre le changement climatique en France (note de 6/10) et que le recours aux conventions citoyennes est  de nature à améliorer la vie démocratique  en France (note de 7,7/10).;0;352224060;4076.667361;28/02/2021 16:01;The Government's measures far from the climate convention's objective, according to its members;The government's actions inspired by the work of the Citizen Climate Convention (CCC) will not achieve the goal of reducing greenhouse gas emissions, said the citizens gathered for their last session on Sunday. They were asked to assess, on a scale of zero to ten, whether government decisions would make it possible to approach the goal of reducing greenhouse gas emissions by at least 40% by 2030, in a spirit of social justice;The government's measures inspired by the work of the Civil Climate Convention (CCC) will not achieve the goal of reducing greenhouse gas emissions, the citizens gathered for their last session on Sunday.They were asked to assess, on a scale of zero to ten, whether government decisions would allow to approach the goal of reducing greenhouse gas emissions by at least 40% by 2030, in a spirit of social justice. The majority of the citizens present felt that the result was unsatisfactory, with an average score of 2.5 out of 10. Similarly, they noted harshly, with an average of 3.3/10, the government's consideration of their proposals, drawn up at 150 for almost 18 months of work.However, they felt that their Convention had been rather useful in the fight against climate change in France (note of 6/10) and that the use of citizen conventions was likely to improve democratic life in France (note of 7.7/10).;0;0.8074;0.9081
39870;97;16;05.03.2021;13:26;Lycées à Paris : le rectorat veut plus de mixité pour en finir avec l' hyper-sélection ;Le système était  devenu clairement un concours  qui encourageait une  hyper compétition  entre les lycées.          C'est une  évolution  qui fait grincer des dents les parents d'élèves;Boursorama avec Media Services;https://www.boursorama.com/actualite-economique/actualites/lycees-a-paris-le-rectorat-veut-plus-de-mixite-pour-en-finir-avec-l-hyper-selection-101ebad2a6b8d821434b455104e31507;C'est une  évolution  qui fait grincer des dents les parents d'élèves. Le rectorat de Paris a présenté vendredi 5 mars à la presse sa réforme de la procédure d'affectation des élèves dans les lycées parisiens. Objectif :  sortir d'une  logique mortifère  qui encourageait une  hyper-sélection  entre établissements.La réforme, présentée comme une  évolution ,  pas une révolution , vise à réintroduire de la mixité et lutter contre la hiérarchisation des lycées.À la rentrée de septembre, les quatre districts seront supprimés. Désormais, les élèves de Troisième pourront candidater au mois de mai dans cinq lycées situés à 25 minutes maximum de transport de leur domicile. Rien ne les empêchera de demander des lycées plus éloignés mais ils ne seront pas prioritaires. Il y a une vie à Paris en dehors du lycée Charlemagne  -un établissement très demandé chaque année du IVe-, a déclaré Christophe Kerrero.;1;352646760;4081.559722;05/03/2021 13:26;Lycées in Paris: Rectorate wants more mix to end hyper-selection;The system had clearly become a competition that encouraged hyper-competition between high schools. It is a development that makes the parents of students grin their teeth.;It is an evolution that makes the parents of students grin their teeth. The rectorate of Paris presented Friday, March 5 to the press its reform of the procedure for assigning students to Parisian high schools. Objective: to emerge from a mortiferous logic that encouraged hyper-selection between institutions.The reform, presented as an evolution, not a revolution, aims to reintroduce the mix and fight against the hierarchy of high schools.At the beginning of September, the four districts will be abolished. From now on, the students of Third will be able to apply in May in five high schools located at the maximum 25 minutes of transport from their home. Nothing will prevent them from asking for more distant high schools but they will not be priority. There is a life in Paris outside of the Lycée Charlemagne - a very demanded institution every year of the Fourth-, said Christophe Kerrero.;0;0.8074;-0.2087
40340;69;13;10.03.2021;07:59;A Wall Street, le Nasdaq enregistre sa meilleure séance en quatre mois;IMAGES Le Nasdaq enregistre à Wall Street sa plus forte progression quotidienne depuis novembre, profitant du fort rebond des valeurs technologiques qui avaient terminé en net repli la veille.;AFP Video;https://www.boursorama.com/videos/actualites/a-wall-street-le-nasdaq-enregistre-sa-meilleure-seance-en-quatre-mois-3b0585d376efb09a4d7f36a7866148b3;IMAGES Le Nasdaq enregistre à Wall Street sa plus forte progression quotidienne depuis novembre, profitant du fort rebond des valeurs technologiques qui avaient terminé en net repli la veille.;0;353059140;4086.332639;10/03/2021 07:59;On Wall Street, Nasdaq records its best session in four months;IMAGES On Wall Street, Nasdaq recorded its strongest daily growth since November, taking advantage of the strong rebound in technological values that had ended in sharp decline the day before.;IMAGES On Wall Street, Nasdaq recorded its strongest daily growth since November, taking advantage of the strong rebound in technological values that had ended in sharp decline the day before.;0.6369;0.91;0.91
41543;2;1;19.03.2021;09:14;Coronavirus: Le gouvernement espère un assouplissement après quatre semaines, dit Attal;PARIS (Reuters) - Le gouvernement espère au bout des quatre semaines qu'on pourra relâcher un certain nombre de restrictions, a déclaré vendredi sur RTL le porte-parole du gouvernement Gabriel Attal, au lendemain de l'annonce d'un confinement de quatre semaines dans seize départements pour lutter contre l'épidémie de coronavirus.     (Claude Chendjou);Reuters;https://www.boursorama.com/actualite-economique/actualites/coronavirus-le-gouvernement-espere-un-assouplissement-apres-quatre-semaines-dit-attal-241ee55f297869db561338e3003bd378;PARIS (Reuters) - Le gouvernement espère au bout des quatre semaines qu'on pourra relâcher un certain nombre de restrictions, a déclaré vendredi sur RTL le porte-parole du gouvernement Gabriel Attal, au lendemain de l'annonce d'un confinement de quatre semaines dans seize départements pour lutter contre l'épidémie de coronavirus.(Claude Chendjou);0;353841240;4095.384722;19/03/2021 09:14;Coronavirus: The government hopes a relaxation after four weeks, says Attal;PARIS (Reuters) - The government hopes, after four weeks, that a number of restrictions can be released, said Friday on RTL government spokesman Gabriel Attal, following the announcement of a four-week confinement in sixteen departments to fight the coronavirus epidemic. (Claude Chendjou);PARIS (Reuters) - The government hopes, after four weeks, that a number of restrictions can be released, said Friday on RTL government spokesman Gabriel Attal, following the announcement of a four-week confinement in sixteen departments to fight the coronavirus epidemic.(Claude Chendjou);0.7351;0.128;0.128

